"38","1998","0","96","0","80","80700.694953544"
"71","2010","0","108","461","111","34500.72099002"
"33","2002","0","30","0","56","13200.814351254"
"39","2011","0","95","277","90","10100.230572689"
"35","2011","0","208","905","87","103400.76098025"
"16","2001","0","30","0","56","23500.77801152"
"36","2004","0","30","0","58","19400.282312226"
"54","2005","0","30","0","58","85900.893551794"
"72","2011","0","208","437","87","47500.663017071"
"35","2011","0","95","311","90","12400.450522932"
"60","2012","0","95","180","90","93900.267396391"
"22","2018","0","144","0","76","89600.290538263"
"75","2004","0","96","0","58","62900.19245905"
"40","2008","0","96","0","58","41500.637747568"
"29","2012","0","95","108","70","145600.87008088"
"58","2012","0","95","244","90","66500.559368857"
"25","1995","0","29","7062","97","22000.617940201"
"28","2004","0","30","0","58","20300.175239078"
"10","2008","0","144","0","16","28500.646747325"
"69","2012","0","36","0","25","374500.5372438"
"9","2013","0","24","0","93","31400.151071934"
"4","2014","0","95","137","90","144000.41786426"
"42","1998","0","103","0","41","34600.900784166"
"28","2007","0","30","0","58","99200.290906112"
"54","2010","0","177","0","100","42500.31533206"
"11","2009","0","134","0","25","206100.45532303"
"14","2012","0","208","632","87","42900.279117567"
"41","2012","0","95","186","90","38800.528115654"
"4","2013","0","95","207","90","32200.513745929"
"71","2015","0","126","133","111","20600.425239022"
"2","2006","0","30","0","58","17600.95576843"
"29","2012","0","95","164","90","40900.977175025"
"11","1996","0","30","0","56","228000.78116546"
"70","2012","0","95","172","90","104700.63297887"
"29","2012","0","95","142","90","58500.282080062"
"31","2012","0","95","213","90","118800.18491388"
"46","2012","0","95","265","90","16900.256409643"
"35","2014","0","208","2021","63","218400.628597"
"54","2019","0","163","0","68","27400.668821807"
"75","2007","0","81","0","15","126500.19715183"
"75","2010","0","54","0","100","181900.09055682"
"75","2019","0","110","0","25","52000.770744345"
"61","2002","0","30","573","56","297900.38562097"
"15","2004","0","200","0","25","15800.078641959"
"49","2005","0","30","0","56","64100.791343464"
"75","2001","0","96","0","58","50800.413139666"
"25","2006","0","30","0","58","37800.470114361"
"70","2012","0","95","385","90","50300.023123744"
"2","1992","0","30","4617","24","293400.94384194"
"56","2013","0","95","127","90","18100.866479769"
"12","2007","0","30","0","58","157300.04359249"
"47","1997","0","44","0","40","43500.924572783"
"60","2002","0","144","1128","111","324700.22684968"
"68","2005","0","183","0","100","16000.939292554"
"50","2006","0","22","0","53","241200.20104394"
"78","1998","0","96","0","40","62800.351549659"
"61","2011","0","30","0","61","49000.386988985"
"4","2012","0","95","224","90","179200.81008426"
"28","2005","0","141","3532","97","227000.54036157"
"29","2011","0","95","429","90","213200.73109093"
"75","2001","0","183","0","100","98200.699218519"
"74","1996","0","184","0","33","12700.304551766"
"78","2003","0","96","0","85","20900.806945421"
"62","2012","0","20","744","87","44500.011337976"
"72","1994","0","144","4009","24","375000.15115854"
"19","2011","0","208","548","87","48500.08299764"
"39","2012","0","208","636","87","40300.05131384"
"3","1991","0","29","4749","46","10300.968055115"
"25","2002","0","44","0","85","23700.014217773"
"69","2004","0","144","0","100","13900.094333133"
"4","2014","0","208","194","73","153500.10125526"
"48","2002","0","22","0","100","117500.93437182"
"64","2009","0","144","19795","16","23500.964311711"
"36","2004","0","30","0","58","328300.95703426"
"5","2009","0","96","0","58","34100.747505202"
"75","2011","0","30","0","56","34700.97290407"
"54","1998","0","30","0","33","156700.50612412"
"30","2009","0","96","0","77","161200.49421471"
"75","2010","0","171","0","108","57800.715935859"
"13","2002","0","214","0","80","127600.64792711"
"33","2010","0","30","0","58","167400.72705602"
"49","2004","0","30","0","56","28500.908953987"
"72","2005","0","96","0","85","74700.271514284"
"64","2009","0","166","0","78","13300.974783958"
"65","2015","0","208","6921","49","61100.606119543"
"0","2000","0","30","0","58","93000.303119533"
"25","2002","0","30","0","56","179700.36146906"
"54","2008","0","30","0","85","23600.404736861"
"48","2002","0","30","0","58","89000.308393428"
"27","2012","0","22","0","25","92200.2443286"
"36","1994","0","44","0","40","112800.91686883"
"27","2014","0","80","0","25","226100.46528345"
"27","2015","0","82","0","15","283700.49699957"
"31","2015","0","208","7650","49","20400.817977777"
"69","1993","0","30","6274","24","27900.819192121"
"25","2002","0","44","0","85","109700.05603407"
"60","2006","0","68","1168","90","200300.53892885"
"33","2008","0","30","0","58","423900.64147402"
"61","2010","0","17","0","100","18100.963479817"
"29","2016","0","20","440","87","297100.79565362"
"22","1994","0","44","0","40","34500.592353066"
"27","2001","0","30","0","58","36600.763498036"
"40","2004","0","51","0","33","25600.263064471"
"54","2007","0","30","0","56","44200.570503726"
"32","2016","0","80","0","25","168500.35618941"
"74","2015","0","208","5699","49","98400.537962842"
"47","2018","0","96","150","66","87800.406123293"
"8","2013","0","22","0","25","38000.554369044"
"70","2015","0","208","5525","49","207200.51670429"
"63","1999","0","96","1243","97","81500.68590459"
"78","2005","0","30","0","85","50000.922362468"
"28","2006","0","141","2907","97","89600.382825206"
"79","2015","0","60","0","116","10800.531183204"
"77","2008","0","30","0","56","48400.348720933"
"60","2011","0","29","2751","97","337000.94999634"
"3","2012","0","45","0","56","90700.352926569"
"42","2006","0","125","0","57","111900.42997247"
"49","1992","0","30","4487","24","119600.08197448"
"34","2005","0","29","3482","97","11000.790438315"
"1","2010","0","30","0","56","15200.759466944"
"2","2010","0","30","0","56","18000.704736437"
"71","2011","0","108","543","111","150900.95339825"
"9","2013","0","22","0","25","12200.445891938"
"75","1995","0","70","5029","24","306800.80342"
"73","2005","0","104","1075","97","133900.23453402"
"75","2009","0","96","0","58","14900.581610525"
"21","2005","0","30","422","111","86100.932624055"
"43","2010","0","139","0","15","11400.136332908"
"9","2012","0","30","0","58","36900.117408452"
"74","2007","0","30","5262","56","30300.328080082"
"54","1999","0","96","3832","111","87900.548736363"
"16","2007","0","44","0","85","19500.764361662"
"29","2012","0","95","2475","90","32600.866298382"
"38","1993","0","149","3565","101","38100.538391137"
"54","2008","0","30","0","56","40900.727417346"
"5","2013","0","109","0","76","72800.959386591"
"31","2016","0","208","416","73","17400.292933627"
"2","2004","0","204","18722","16","87900.706430914"
"6","2005","0","91","0","48","22400.306246363"
"68","2009","0","30","0","56","90900.223784381"
"71","2011","0","108","1170","111","17900.830701207"
"73","2012","0","198","1872","63","23200.376354502"
"44","2013","0","30","0","85","236400.45924632"
"5","2015","0","144","22427","16","32100.61126337"
"39","2011","0","29","1818","73","158400.63981477"
"54","2015","0","81","0","15","77900.507124786"
"27","2014","0","213","0","12","27000.037189098"
"4","2004","0","29","6884","110","61500.916550811"
"54","2019","0","29","7663","97","58000.844513717"
"24","2009","0","96","0","58","297200.37865301"
"29","2011","0","95","1954","90","26700.501428712"
"69","2012","0","101","1044","111","53800.649699389"
"61","2016","0","64","0","71","58900.390891262"
"77","2012","0","30","12084","16","316000.67737339"
"18","2005","0","29","4572","110","29000.981182722"
"57","2008","0","95","4787","18","105700.14738813"
"69","2012","0","125","0","75","48100.788268267"
"38","2010","0","30","0","56","57800.63152953"
"35","2015","0","208","8748","49","27100.199308431"
"72","2011","0","95","2187","90","26500.140383179"
"36","2005","0","201","0","48","30700.231909307"
"5","2005","0","69","0","56","49000.508146717"
"6","2010","0","30","0","56","78600.260653865"
"47","2013","0","144","0","16","270700.59884756"
"2","2002","0","30","0","40","39700.812385937"
"8","2011","0","96","0","58","38100.649399206"
"36","1999","0","30","0","37","350900.50735341"
"54","2011","0","30","0","58","17400.93365251"
"54","2012","0","30","0","56","10400.864720606"
"75","1999","0","96","0","0","181800.15182438"
"17","2012","0","30","792","111","266800.67986251"
"18","2013","0","95","1721","90","108500.01895625"
"69","1996","0","31","16946","111","42600.345225652"
"68","2005","0","45","0","56","83000.69617846"
"74","2009","0","30","0","56","32200.543255268"
"3","2010","0","30","0","56","39100.29195982"
"75","2011","0","30","0","57","262700.68332747"
"6","2006","0","45","0","56","296900.59866388"
"60","2009","0","57","0","8","39900.508553958"
"27","2013","0","96","0","58","38900.180681071"
"61","2008","0","37","0","48","101400.73533114"
"7","2008","0","19","3472","97","57100.787338308"
"74","2007","0","30","0","80","44000.876810512"
"38","2007","0","45","0","56","85900.144792576"
"70","2017","0","118","0","69","121500.81258441"
"77","2009","0","30","0","56","70100.255478613"
"53","2010","0","30","0","56","97500.397121217"
"47","2012","0","30","0","58","154000.36420634"
"36","2007","0","183","0","34","105900.58994506"
"76","2007","0","220","26","73","41200.814099929"
"2","2008","0","30","0","85","36200.851877215"
"49","2008","0","30","0","56","134100.91159596"
"75","2009","0","152","0","52","48400.900619697"
"18","2012","0","95","1911","90","168500.63061304"
"42","1997","0","183","0","33","35700.892243466"
"74","2013","0","30","0","58","33900.179968237"
"27","2013","0","96","0","58","41000.456736411"
"59","1999","0","68","7685","18","217200.49539053"
"53","2006","0","45","0","56","23200.902218124"
"0","2004","0","195","0","100","187300.03499717"
"33","2008","0","30","0","56","292600.23609611"
"25","2009","0","69","0","56","27700.486398903"
"21","2010","0","30","0","56","53200.719342215"
"9","2009","0","30","0","56","40200.775931677"
"36","2016","0","22","0","25","107700.86060118"
"48","2008","0","96","0","57","141000.45566472"
"39","2013","0","207","1192","87","31700.514541564"
"4","2012","0","95","1179","90","10600.635698191"
"50","2014","0","22","0","12","19100.540963496"
"75","2015","0","109","0","52","33400.355633576"
"42","2007","0","30","1538","111","20900.384212991"
"77","2012","0","30","0","58","155000.43246973"
"6","2015","0","2","23248","16","140100.6790601"
"72","2003","0","96","0","40","228100.69826738"
"9","2009","0","30","0","56","13900.789243152"
"54","2010","0","30","0","56","39400.455419817"
"7","2012","0","91","0","48","313200.16625341"
"48","2004","0","30","0","57","128500.51303961"
"7","2005","0","19","5580","97","108100.82587879"
"31","2013","0","30","0","56","42700.490669345"
"8","2014","0","30","0","57","31900.803130409"
"77","2013","0","30","0","56","16100.845417751"
"3","2019","0","110","0","25","25000.775221427"
"34","2019","1","174","0","84","40000.641527191"
"61","1990","0","205","7137","112","58100.688478097"
"26","2007","0","103","0","52","16100.201876709"
"25","2009","0","30","0","56","161300.45717051"
"72","2009","0","30","0","56","31500.854585065"
"42","2015","0","31","14000","16","149000.41387782"
"30","2007","0","30","0","58","46800.601344736"
"78","1995","0","30","3704","24","60200.696287018"
"63","2008","0","30","0","56","28700.696284194"
"6","2009","0","106","0","33","22800.373563673"
"14","2011","0","95","1701","90","65900.24360297"
"6","2010","0","30","0","56","15800.767766754"
"5","2003","0","30","0","80","31500.651124798"
"43","2004","0","30","0","80","112300.66113762"
"8","1999","0","59","0","37","37200.156618313"
"22","2002","0","144","5148","111","283700.09163312"
"25","2006","0","69","0","56","26600.223939762"
"78","2011","0","30","0","56","358000.2810984"
"30","2011","0","154","0","123","242200.62896246"
"42","2015","0","31","14342","16","21300.225967382"
"75","2003","0","183","0","33","88500.449605051"
"17","2009","0","30","0","56","183300.34773212"
"25","2011","0","30","0","58","36000.687768155"
"17","2011","0","30","0","58","30500.886164512"
"47","2012","0","30","0","33","56300.306635539"
"25","2015","0","30","0","85","10400.887143503"
"54","2012","0","128","437","111","202500.2665957"
"50","2013","0","30","0","58","23900.289961823"
"33","2005","0","216","0","33","35400.967745828"
"50","2014","0","195","0","100","42000.295351522"
"38","2009","0","69","0","56","210400.87400946"
"6","2013","0","144","12877","16","17800.789659143"
"12","2007","0","19","2350","120","124800.12934404"
"38","2013","0","30","0","56","39200.404138812"
"3","2018","0","105","0","25","193000.13025454"
"19","2007","0","88","183037","119","89100.241855759"
"6","2008","0","30","0","56","111000.98978467"
"68","2006","0","195","0","100","161100.709131"
"2","2019","0","96","70","111","60500.876179457"
"52","2014","0","144","651","111","15500.542832224"
"60","1999","0","94","3251","107","39200.733944851"
"64","2009","0","30","1","56","10600.032011774"
"64","2005","0","30","0","56","348200.69877054"
"53","2011","0","185","0","62","13000.213031238"
"39","2012","0","95","3909","90","42500.908533802"
"74","2009","0","96","0","80","158400.01807679"
"72","2013","0","31","5517","97","41200.787541631"
"70","2017","1","118","0","69","387100.35926041"
"5","2008","0","114","0","33","33400.796281503"
"68","2010","0","114","0","27","36200.597911734"
"29","2011","0","29","2452","97","153200.57768736"
"8","1995","0","30","5929","24","255000.43521728"
"37","1997","0","30","4618","24","20000.820630883"
"76","2005","0","31","3173","96","188200.61097308"
"6","2011","0","30","0","58","27600.859074237"
"30","2014","0","30","0","57","38100.664659327"
"50","2017","0","22","0","25","24500.329942378"
"63","2013","0","90","595260","119","27800.257330783"
"9","2007","0","30","112","0","52600.217853147"
"72","2009","0","30","0","56","115400.67743249"
"64","2009","0","69","0","56","17900.943695191"
"61","2013","0","91","0","48","262300.1890622"
"51","2013","0","30","0","56","31000.570867898"
"1","2014","0","30","10120","16","138200.74483581"
"25","2015","0","96","0","16","49100.576526729"
"69","1995","0","30","5010","24","183600.15632595"
"63","2011","0","29","2274","97","29100.106308024"
"41","2011","0","208","6833","2","36000.479249964"
"54","2005","0","30","0","33","30800.382893476"
"69","2015","0","144","7200","16","33500.163815058"
"62","2016","0","30","373","111","30400.196984291"
"15","2010","0","91","0","48","357300.1314987"
"24","2011","0","30","0","56","149400.13528902"
"68","2011","0","7","0","0","169600.4833615"
"16","2013","0","144","10293","16","24800.277353858"
"34","2017","0","29","512","97","100500.03759442"
"54","2011","0","30","0","58","10600.874417048"
"74","1998","0","70","2843","24","27100.578376927"
"48","2008","0","183","0","33","198700.04982486"
"59","2011","0","29","2014","97","147300.02165351"
"60","2005","0","57","0","79","28500.094857355"
"4","2011","0","95","0","18","202700.10816166"
"50","2014","0","144","709","111","267000.81990674"
"18","2006","0","29","0","97","14200.452233753"
"72","2009","0","30","0","56","12900.848330012"
"36","1995","0","30","5409","24","113000.95829664"
"50","1998","0","96","0","37","19500.500983909"
"69","2015","0","144","3630","97","47500.236840762"
"72","2007","0","96","7592","13","106300.61702691"
"67","2015","0","29","2848","97","171300.4631864"
"34","2016","0","32","1250","16","28900.186080458"
"54","2012","0","30","0","56","27800.050968506"
"4","2006","0","95","603","18","273200.17153849"
"62","2011","0","95","3008","18","123500.34838433"
"74","2011","0","128","0","57","112200.45196756"
"14","2011","0","95","2942","18","42400.752072792"
"59","2012","0","29","3713","73","51700.873984742"
"47","2008","0","195","0","100","74100.630534296"
"36","2013","0","144","0","16","31700.25863594"
"14","2013","0","124","4460","63","68700.747299681"
"9","2010","0","30","0","57","126600.90006921"
"79","2012","0","69","0","56","91500.644663"
"54","2008","0","128","954","111","52300.980075018"
"2","2011","0","30","0","56","23500.419628959"
"74","2016","0","96","0","16","40200.268913926"
"13","2016","0","96","0","16","28000.856768145"
"6","1993","0","61","9449","112","35600.158465633"
"38","2005","0","30","0","40","23500.194397444"
"5","2013","0","96","0","16","20700.754033827"
"26","2015","0","144","983","97","135300.45890622"
"50","2008","0","183","0","29","345500.05032328"
"33","2011","0","55","0","100","26200.366733134"
"31","2016","0","128","14","84","38400.844390897"
"15","2013","0","30","0","80","20900.014988134"
"12","2004","0","30","0","80","89700.174213361"
"13","2010","0","30","8926","111","25700.112133568"
"33","2006","0","195","0","100","213600.46676011"
"21","2012","0","69","0","56","45300.013986405"
"14","2013","0","124","3094","63","25900.299180055"
"13","2016","0","96","0","16","91500.625072283"
"31","1993","0","61","11318","111","50000.514412509"
"72","2000","0","96","0","80","20200.64311912"
"44","2014","0","30","409","111","76400.450654965"
"66","2015","0","189","963","97","25200.488370105"
"64","2015","0","30","1","58","283100.72247812"
"60","2016","0","126","26","111","24200.296529237"
"63","2010","0","184","0","34","32400.389502938"
"25","2011","0","30","0","85","18200.582929291"
"69","2012","0","183","0","27","99000.693236778"
"16","2012","0","30","0","33","255100.77291673"
"60","2014","0","29","3984","97","58500.808667047"
"67","2015","0","29","2078","97","36300.555901564"
"46","2011","0","208","4576","63","21500.037138971"
"74","2013","0","30","0","33","49100.362419756"
"49","2014","0","29","1021","97","83400.539843585"
"19","2015","0","19","2736","97","66700.383021733"
"4","2013","0","29","1824","97","303400.30242596"
"22","2014","0","30","0","57","78000.737273517"
"72","2016","0","29","3846","97","86700.633139413"
"67","2013","0","95","1595","90","340800.53777496"
"32","2016","0","144","0","16","40400.480021858"
"68","2010","0","205","0","33","21500.380964897"
"41","2013","0","19","2032","97","72500.409396956"
"0","2005","0","30","0","80","86400.191497162"
"27","2007","0","40","0","65","55800.888513206"
"63","2014","0","40","0","17","155000.12915902"
"65","2018","0","29","2105","97","252400.42589666"
"22","2006","0","183","0","29","36000.056500856"
"47","2008","0","69","0","56","27400.551578341"
"72","1990","0","96","7497","112","20800.795440497"
"57","2015","0","29","5206","110","59800.822813113"
"4","2016","0","29","1970","97","10800.766613761"
"39","2015","0","29","1447","97","477700.03479344"
"72","2015","0","29","3426","97","203200.17705069"
"70","2012","0","87","7500","46","37600.806777405"
"41","2014","0","29","2330","97","357800.70339393"
"14","2014","0","124","4336","63","25600.09618187"
"77","2016","0","204","13410","16","53500.204640169"
"9","2014","0","30","0","57","16100.047050119"
"76","2011","0","95","2505","18","94200.499089677"
"30","2007","0","216","0","33","63400.569477324"
"1","2009","0","30","1417","111","103600.64663555"
"5","2013","0","69","0","56","340600.91362013"
"30","2014","0","144","1822","97","16100.323959058"
"35","2014","0","124","6312","63","57600.704255964"
"19","2014","0","19","2642","97","56900.47169406"
"39","2014","0","29","2040","97","10200.126010933"
"73","2017","0","118","0","69","47500.755274414"
"1","2013","0","69","0","56","18600.027812928"
"75","2016","0","144","0","16","44800.496390089"
"63","2011","0","30","0","33","16900.615306363"
"34","2012","0","19","1230","97","93200.020226505"
"5","2012","0","195","0","100","80800.144311009"
"63","2010","0","184","0","85","20500.741976553"
"29","2016","0","29","2714","96","314900.3615253"
"75","2018","0","144","2486","97","33200.862591788"
"42","2011","0","23","0","48","48700.496875392"
"12","2018","0","29","2480","97","23800.724763761"
"12","2014","0","29","3841","97","15600.549427056"
"50","2015","0","30","0","0","95600.207686068"
"75","2008","0","215","0","40","121900.4088101"
"73","2012","0","95","2412","18","271900.67329803"
"72","2012","0","30","0","56","135000.19747001"
"27","2015","0","204","6365","16","318700.20022771"
"29","2016","0","29","1975","97","64100.329841595"
"12","1997","0","30","3972","24","19300.016974619"
"44","2001","0","96","5066","24","29500.84266874"
"47","2006","0","69","0","56","50800.890253862"
"31","2011","0","95","1695","18","56000.395824525"
"12","2017","0","19","4644","97","84700.459737822"
"43","2005","0","144","28392","16","12400.04164698"
"18","2008","0","96","4066","13","37200.609709415"
"22","2011","0","183","0","33","187100.00624944"
"25","2016","0","29","1774","97","83700.031923385"
"16","1997","0","30","4163","24","140400.70799932"
"68","1998","0","30","4046","24","208400.8051206"
"15","2003","0","96","0","80","46500.011438525"
"49","2008","0","214","0","80","164800.59645346"
"27","2012","0","127","0","65","106800.37302818"
"29","2014","0","29","2111","97","135200.87216259"
"38","2013","0","45","0","56","38400.613958428"
"50","2012","0","183","0","33","22700.136809119"
"63","2015","0","30","0","57","279900.68022692"
"31","2006","0","158","538639","119","42800.48555422"
"4","2012","0","29","4312","125","152100.78411884"
"25","2012","0","30","0","56","38700.190818611"
"74","1999","0","30","5050","24","30500.285489838"
"50","2008","0","69","0","56","32400.94910994"
"1","2013","0","96","826","97","16400.525155455"
"31","2015","0","29","3271","97","35600.263319804"
"75","2006","0","30","8247","111","18800.38558761"
"72","2011","0","195","0","100","42600.88731798"
"19","2012","0","19","1620","96","191000.92569697"
"14","2014","0","124","6522","63","73200.54671756"
"71","2016","0","108","1029","97","76400.83779334"
"14","2013","0","124","6145","63","34000.196094639"
"69","2006","0","100","0","80","100900.59367407"
"15","2019","0","30","0","80","37900.807067012"
"36","2001","0","30","5443","24","208700.83276848"
"51","2008","0","29","2401","110","227400.09427841"
"15","2012","0","30","0","80","24900.81823634"
"5","2016","0","144","13639","16","100500.39580755"
"53","2016","0","96","0","58","62000.91073688"
"74","1998","0","30","4065","24","36300.763335396"
"32","2014","0","19","1375","97","57100.928872599"
"67","2015","0","29","970","97","79800.482456639"
"7","2003","0","30","5080","24","11000.72393955"
"61","2002","0","30","4055","24","177200.96767531"
"14","2013","0","96","5152","96","36700.447809714"
"0","2015","0","29","2964","96","87600.534457554"
"68","2013","0","96","0","29","28000.955949899"
"72","2013","0","30","0","56","25600.027497372"
"15","2009","0","96","0","56","121900.02477291"
"58","2011","0","95","7225","18","55900.791765022"
"72","2011","0","28","0","56","110900.80568292"
"0","2012","0","45","0","56","309000.81668768"
"69","2014","0","30","0","57","148700.65792236"
"79","2005","0","96","0","38","43200.180720816"
"30","2008","0","215","0","40","25200.372544276"
"30","2008","0","125","0","57","83000.158823543"
"34","1999","0","29","6077","125","167700.78890125"
"67","2016","0","29","2093","97","48100.838694646"
"64","2007","0","96","5045","24","69000.875818362"
"19","2012","0","19","1993","96","26700.349541625"
"64","2011","0","30","0","56","36300.555401436"
"18","2012","0","95","1718","18","40900.295440414"
"54","2013","0","96","0","27","14800.218382272"
"70","2017","0","95","945","18","106500.89910835"
"13","2016","0","30","0","16","141000.57096204"
"25","2017","0","29","1620","97","35100.284020378"
"44","2000","0","96","0","80","91500.965622808"
"75","2011","0","183","0","34","35700.010270721"
"58","2012","0","29","2198","73","169100.42601674"
"14","2014","0","208","1656","63","31000.245185421"
"54","2005","0","30","0","80","101600.44717145"
"53","2015","0","74","0","80","44200.613927299"
"72","2012","0","30","0","56","181400.75657196"
"54","2018","0","29","843","97","21500.891461057"
"6","1992","0","96","10563","111","16800.61576093"
"33","2012","0","144","0","57","350300.12103908"
"77","2014","0","30","0","57","18000.659409074"
"54","2015","0","29","1095","97","68100.945418826"
"25","2017","0","29","1395","97","29700.690688572"
"14","2011","0","95","5346","18","119800.19838891"
"41","2015","0","29","1969","97","41100.617339316"
"67","2016","0","29","3136","96","32200.830861779"
"14","2012","0","95","8563","18","35000.828915376"
"74","2012","0","69","0","56","74300.894086792"
"59","2013","0","29","2948","96","231100.25815957"
"41","2014","0","29","2628","96","16500.383524859"
"22","2013","0","79","0","100","67300.781276995"
"64","2014","0","30","0","57","109500.23676582"
"19","2015","0","29","1226","97","11500.554813674"
"32","2015","0","40","0","17","25600.676661306"
"40","2010","0","30","0","57","14900.316730505"
"25","2014","0","114","0","33","43100.474672761"
"14","2014","0","124","2859","63","22700.988801286"
"18","2017","0","102","0","118","60000.387973853"
"64","2010","0","183","0","27","41900.468532392"
"69","2016","0","167","0","41","13300.901342796"
"70","2016","0","29","3878","96","25300.97718356"
"14","2012","0","95","7538","18","64600.330699275"
"41","2012","0","95","3765","18","156600.90660563"
"45","2015","0","29","1044","96","35900.112696344"
"24","2012","0","195","0","100","47900.193896398"
"7","2015","0","144","3460","16","362200.6991712"
"24","1990","0","96","9043","111","178400.67353438"
"75","2018","0","144","2083","97","48500.952625712"
"74","1999","0","30","4208","24","176400.93382044"
"42","2015","0","143","0","62","139400.69257414"
"7","2017","0","144","12417","16","114800.40807727"
"14","2012","0","95","2734","18","50000.781609797"
"14","2011","0","95","7358","18","27700.379770379"
"75","2018","0","144","0","16","35300.529435616"
"63","2012","0","114","0","27","103400.67226656"
"1","2001","0","30","3920","101","50900.955280101"
"76","2015","0","29","2107","96","29100.352367994"
"19","2016","0","29","81","73","187000.20609392"
"51","2012","0","30","0","56","256400.96372639"
"67","2012","0","95","2277","107","106600.36374827"
"63","2018","0","144","4332","16","396400.2557183"
"57","2019","0","29","810","97","184800.66806833"
"63","2007","0","100","0","80","34200.022629282"
"47","2010","0","184","0","33","45100.052393497"
"15","2012","0","30","0","80","20600.32166757"
"29","2016","0","29","3207","96","21300.749433707"
"72","2004","0","69","0","56","29700.329801893"
"45","2016","0","29","1524","97","61500.711902973"
"44","2011","0","183","0","27","35400.533758424"
"45","2015","0","29","1406","96","101100.11278669"
"58","2012","0","95","5688","18","40000.887912416"
"32","2014","0","96","108","111","66700.015224387"
"57","2015","0","144","1669","97","27800.05994025"
"70","2017","0","95","997","18","89700.681057585"
"18","2019","0","29","810","73","129900.30221396"
"68","2009","0","168","0","27","38500.338166369"
"33","2011","0","30","0","56","52300.361891433"
"58","2012","0","95","5905","18","21600.218174108"
"72","2006","0","100","0","80","68900.126764856"
"21","2013","0","144","2121","96","21800.744539499"
"35","2015","0","29","1521","96","60900.414286308"
"29","2016","0","29","3052","96","25200.402998707"
"76","2011","0","95","7201","18","58100.590317612"
"71","2015","0","29","2932","96","16500.106098853"
"39","2017","0","29","1069","97","343300.35260414"
"7","2018","0","19","600","97","51800.862176476"
"33","2008","0","30","0","57","91300.629845104"
"34","2011","0","91","0","48","32100.489881335"
"49","2011","0","45","0","56","11200.994844021"
"62","2012","0","95","4198","18","149400.04402245"
"0","2013","0","201","0","48","50400.731490208"
"15","2013","0","96","0","56","65700.821610091"
"29","2017","0","29","1373","96","11200.737594131"
"29","2017","0","29","2429","96","18100.992547892"
"72","2017","0","144","551","97","43300.800240664"
"72","2012","0","96","0","33","324800.65040164"
"3","2015","0","144","0","56","72000.621612132"
"14","1999","0","153","3671","107","229000.38915649"
"67","2011","0","95","2907","18","56400.515002796"
"63","2014","0","96","0","85","89100.540332556"
"41","2016","0","29","1627","96","12600.472445077"
"64","2010","0","30","0","57","55700.921682971"
"68","2012","0","30","0","57","82400.592964702"
"72","2011","0","30","0","85","34800.87383313"
"36","2011","0","30","0","85","16200.931636679"
"0","2011","0","30","0","57","318000.31737297"
"29","2012","0","95","2860","18","42600.600607081"
"44","2010","0","30","0","57","48200.671382028"
"74","2012","0","30","0","85","23400.315257651"
"27","2010","0","125","0","57","152600.14537683"
"18","2011","0","29","2153","73","99400.769915658"
"75","1996","0","144","9556","111","101400.22756373"
"31","2016","0","144","2208","97","72100.42318814"
"25","1996","0","30","3427","24","10600.392539178"
"70","2011","0","95","5071","18","95800.465478099"
"19","2017","0","29","1224","96","313200.35046927"
"39","2011","0","95","3863","18","20400.55282694"
"67","2016","0","29","2688","96","98300.753902624"
"29","2017","0","29","2768","96","215200.20739596"
"45","2018","0","29","755","96","40400.424001473"
"12","2011","0","31","22685","125","42500.849579475"
"25","1998","0","144","11593","112","16300.880901307"
"70","2011","0","95","3157","18","332300.38813404"
"63","2011","0","30","0","85","24500.150004023"
"58","2012","0","95","4058","18","55000.989448533"
"42","2000","0","8","4867","101","29300.065461567"
"51","2011","0","30","0","33","17700.745277169"
"47","2014","0","30","0","56","220100.0229293"
"54","2015","0","108","1970","96","17500.017172381"
"30","2011","0","215","0","40","164500.78310292"
"0","2011","0","30","0","57","29400.756529576"
"12","2017","0","29","1114","96","87500.468962545"
"59","1999","0","31","6522","125","15400.417692878"
"65","2006","0","87","10017","125","65800.3065753"
"63","2013","0","30","0","57","11300.134594579"
"30","1998","0","30","3968","24","142000.41010553"
"72","2007","0","29","6325","13","78700.743164864"
"39","2000","0","31","8925","125","40600.565123092"
"15","2005","0","30","4406","24","158900.57756505"
"24","2005","0","214","0","80","55600.368466819"
"44","2012","0","30","0","57","94600.797470005"
"70","2016","0","29","1360","96","252400.3755732"
"49","2010","0","30","0","57","37700.10503232"
"58","2011","0","29","2800","73","49500.022744215"
"72","2016","0","29","2097","96","348300.93434217"
"19","2008","0","29","1382","13","52400.279437845"
"35","2012","0","29","1937","87","31200.202477206"
"74","2013","0","96","0","56","45500.959149267"
"39","2015","0","29","2596","96","84500.385848861"
"31","2016","0","144","1829","97","83400.41541869"
"64","2010","0","15","0","48","361500.75441375"
"60","2011","0","95","2786","18","45600.324619451"
"8","2012","0","96","0","57","79800.35157775"
"16","2015","0","30","0","56","69000.425622351"
"57","2016","0","31","539","97","26200.188029097"
"30","2011","0","30","0","57","84200.266776916"
"29","2017","0","29","1210","96","68700.868740641"
"45","2018","0","29","1144","96","248400.06128343"
"68","2008","0","30","0","57","13200.392136827"
"18","2014","0","117","155043","106","25100.486635929"
"1","2012","0","96","0","57","41000.255479665"
"59","2005","0","203","0","119","104300.99003938"
"16","2008","0","195","0","100","28700.295483709"
"28","2014","0","30","0","56","11600.171332761"
"64","2012","0","96","1","57","23700.698289801"
"28","2014","0","30","0","56","45600.89084859"
"22","2016","0","168","0","27","57000.511654274"
"60","2017","0","124","0","117","289000.38531109"
"56","2016","0","29","760","96","36800.768271357"
"45","2017","0","29","937","96","165400.57329043"
"39","2017","0","29","1034","97","57500.171574401"
"48","1997","0","144","4059","112","209300.08916312"
"59","2006","0","203","0","119","110300.59246703"
"69","2009","0","30","0","57","71500.971094474"
"7","2011","0","30","0","85","66700.882217465"
"62","2012","0","95","5473","18","28000.206524311"
"7","2014","0","19","1910","96","12900.178940018"
"8","2015","0","183","0","33","66300.770393347"
"12","2002","0","30","5622","24","96600.443996439"
"41","2011","0","95","0","18","292600.40704985"
"18","2012","0","95","1914","18","246200.01686874"
"21","2019","0","30","8632","16","198000.11507569"
"50","2011","0","69","0","56","92600.724198086"
"9","2012","0","125","0","57","37300.830245097"
"4","2016","0","29","1763","96","98500.110349181"
"19","2017","0","19","2934","96","62200.967617454"
"18","2012","0","95","4057","18","91900.841424393"
"18","2014","0","95","1485","18","10700.921246836"
"15","2019","0","144","4340","16","84500.512943797"
"55","1996","0","29","2516","35","47600.521719039"
"25","2014","0","30","0","56","81000.340678637"
"45","2017","0","29","1326","97","71000.119372995"
"60","2012","0","29","1482","87","180800.56258798"
"39","2012","0","95","2057","18","161400.4709314"
"30","2012","0","30","0","40","364000.77604942"
"31","2017","0","144","1561","96","73300.81591805"
"72","2009","0","96","0","40","86800.708252954"
"77","2009","0","30","1431","111","146800.07546664"
"48","2016","0","29","7694","46","54500.658155144"
"7","2018","0","29","147","73","41600.65628479"
"29","2018","0","29","1335","96","29600.725115173"
"18","2012","0","95","3644","18","12000.606301073"
"48","2016","0","29","5981","46","248000.4273522"
"34","2012","0","95","2338","18","17300.665865592"
"44","2014","0","125","0","57","202500.07731892"
"25","2014","0","216","0","33","238200.84244756"
"29","2018","0","29","1627","96","10500.310075986"
"12","1998","0","94","4144","111","25900.890979923"
"48","2016","0","29","7867","46","42300.688399491"
"69","2009","0","195","0","100","35500.631688864"
"70","2018","0","29","1133","96","46500.411973449"
"41","2014","0","29","3996","13","40700.080769524"
"36","2012","0","30","0","57","52700.472835922"
"72","2013","0","96","0","56","40000.180301291"
"59","2013","0","144","6913","7","167000.9167027"
"75","2011","0","30","0","57","308700.61210011"
"22","2008","0","30","0","37","103800.52186726"
"58","2012","0","95","5002","18","20500.133094923"
"44","2012","0","30","0","56","243700.45849698"
"28","2014","0","30","0","56","32300.335970523"
"14","2012","0","95","5977","107","62600.029552374"
"25","2014","0","30","0","85","93300.84905236"
"41","2016","0","29","1550","96","89200.287072015"
"71","2017","0","108","2467","96","370100.98202944"
"69","2002","0","96","4549","24","47900.878004151"
"4","2011","0","68","1928","18","92400.921797547"
"4","2011","0","95","2930","18","51400.277266495"
"18","2012","0","95","2246","18","45500.888907293"
"48","2016","0","29","9020","46","251900.4582148"
"16","2018","0","144","1","16","12000.415151187"
"18","2007","0","117","11578","106","158500.63831395"
"9","2010","0","30","0","57","50300.754563253"
"40","2012","0","30","0","85","29200.728101788"
"22","2006","0","30","897","111","38600.938114575"
"64","2009","0","30","0","40","29900.799249133"
"0","2012","0","183","0","33","96200.264319578"
"40","2013","0","125","0","57","262300.71734318"
"79","2014","0","30","0","56","38600.066495922"
"71","2016","0","108","1707","96","105500.74333614"
"0","2018","0","144","399","97","242700.08343031"
"44","2019","0","30","49","111","34700.025029847"
"42","2005","0","96","0","37","377300.10703726"
"64","2012","0","30","0","57","71400.264662738"
"29","2018","0","29","1691","96","20200.671366618"
"43","2004","0","30","3213","24","35700.784952863"
"70","2005","0","95","3008","107","35600.685269873"
"72","2017","0","29","2004","96","50400.897425244"
"0","2018","0","144","525","97","32700.690635234"
"0","2018","0","144","571","97","84000.122379089"
"64","2009","0","30","0","57","82000.847150277"
"56","2012","0","95","5003","107","91500.642670319"
"18","2014","0","117","110816","106","28900.959710027"
"0","2019","0","144","178","97","157200.92803388"
"76","2011","0","29","0","87","191900.39840076"
"72","2011","0","96","0","56","91500.375129548"
"63","2012","0","168","0","27","10800.894531152"
"7","2011","0","104","15900","125","26500.168785583"
"38","2014","0","30","0","40","165200.09823484"
"0","2019","0","144","131","97","152900.97967573"
"64","2012","0","30","0","40","43200.575794147"
"7","2018","0","19","1102","120","175500.4840255"
"74","1999","0","30","6470","111","45600.819185412"
"36","2008","0","214","0","80","226900.25812334"
"74","2014","0","30","0","56","19700.49311756"
"8","2003","0","30","4070","101","52100.703278491"
"18","2007","0","117","13947","106","392900.64232599"
"75","2013","0","125","0","57","33600.963411064"
"32","2006","0","144","5782","111","24400.020844836"
"12","2018","0","221","3090","4","56900.380419077"
"19","2017","0","19","2899","96","35900.473200599"
"66","2012","0","29","1546","39","71300.37764638"
"72","2012","0","30","0","85","58300.523893837"
"58","2012","0","95","3728","107","67800.970926205"
"41","2012","0","95","2726","18","39000.070474775"
"18","2012","0","95","4278","107","70200.332648143"
"36","2010","0","168","0","27","27000.534527576"
"15","2013","0","125","0","57","37900.359827158"
"19","2016","0","29","605","110","33200.369978423"
"46","2018","0","29","1131","96","21700.806302627"
"19","2012","0","29","3832","13","164500.5236598"
"54","2014","0","30","0","56","40400.748537296"
"75","2010","0","30","0","57","19300.037940416"
"4","2012","0","95","2892","107","50700.130323647"
"70","2012","0","95","4799","107","47500.703488368"
"71","2018","0","108","763","96","27200.417809203"
"24","2007","0","69","0","56","54400.672649881"
"18","2007","0","117","13167","106","315300.05847037"
"45","2012","0","95","2446","18","222800.20531744"
"2","2016","0","29","3281","13","13900.044163795"
"18","2012","0","29","3302","13","32900.660042973"
"56","2017","0","29","1611","97","105900.06821753"
"30","2017","0","30","0","57","10900.150524152"
"54","2009","0","30","1536","111","13000.197031991"
"18","2012","0","95","2058","18","112100.95832501"
"18","2012","0","29","4071","13","209700.52497169"
"68","1997","0","30","5668","112","28800.62715505"
"77","2000","0","30","7776","111","97600.959707933"
"72","2003","0","30","3772","101","11800.757188573"
"26","2011","0","30","0","80","106300.10923015"
"36","2012","0","30","0","57","42500.174191295"
"66","2014","0","96","3016","13","36600.730721161"
"40","2014","0","125","0","57","23900.508225799"
"18","2013","0","29","2944","13","117000.49032564"
"40","2013","0","30","0","57","28800.53162522"
"47","2004","0","30","3934","24","28500.990882152"
"40","2013","0","125","10600","57","82800.768010997"
"40","2015","0","69","0","56","41700.388985999"
"44","2013","0","125","0","57","78500.356839612"
"66","2014","0","29","3059","13","29100.195978784"
"15","2014","0","30","0","56","38900.860940938"
"2","2015","0","96","0","85","61100.465741311"
"38","2017","0","29","3537","13","23700.231004456"
"74","2018","0","19","226","97","159100.47831338"
"18","2007","0","117","10364","106","78800.884741308"
"11","2018","0","184","0","85","25700.042027613"
"60","2020","0","29","16","96","97100.967757231"
"18","2012","0","95","3418","18","10400.840327071"
"54","2014","0","30","0","85","43200.854214806"
"28","2014","0","30","0","56","192700.43962786"
"70","2015","0","208","4794","63","28200.993952694"
"14","2017","0","29","704","96","135400.44090435"
"75","2005","0","144","3206","111","88600.369650931"
"54","2018","0","29","334","97","55200.038440129"
"64","2013","0","30","0","57","54300.340896315"
"70","2015","0","208","7415","63","366600.0454464"
"77","2013","0","96","0","57","10100.644712468"
"66","2014","0","29","3575","13","10400.132906291"
"72","2014","0","29","4245","13","32300.166956662"
"19","2017","0","19","3183","96","61400.393141951"
"61","2005","0","30","3385","24","33000.084660332"
"60","2012","0","29","3670","13","46600.113775688"
"66","2015","0","29","2702","13","89300.580674867"
"18","2012","0","29","3929","39","191100.04619538"
"63","2017","0","29","662","96","69900.819280795"
"69","2002","0","144","2080","24","105100.9415412"
"55","2004","0","180","201047","119","227500.90173385"
"8","2015","0","96","0","57","101100.10190075"
"9","2013","0","125","0","57","47700.623110808"
"64","2014","0","125","0","57","38500.28178398"
"39","2018","0","116","159","105","95800.453886262"
"30","2005","0","30","3616","24","10900.918857072"
"42","2009","0","32","1882","124","23800.004119222"
"73","2011","0","29","3268","13","352500.77781805"
"75","2012","0","195","0","100","28100.047357046"
"32","2008","0","30","8403","111","222600.22440982"
"41","2012","0","31","4418","13","13400.832802201"
"50","2005","0","30","3233","24","137000.71197309"
"50","2014","0","30","0","85","185600.03224706"
"19","2017","0","96","1390","96","72700.258018753"
"67","2011","0","95","3507","107","16000.182373178"
"4","2011","0","29","4395","13","24700.455688568"
"12","2014","0","30","0","56","38900.540970254"
"68","2014","0","28","0","56","335800.38574059"
"18","2015","0","29","2407","13","347800.02189531"
"69","2015","0","66","0","27","122200.17550377"
"19","2017","0","96","1542","96","88100.83370784"
"41","2012","0","95","4428","107","72900.027145258"
"18","2013","0","95","3448","107","81800.855025454"
"19","2002","0","29","1915","39","43100.025376318"
"45","2012","0","29","4595","35","49600.2914533"
"57","2011","0","29","3330","13","28600.67434218"
"34","2012","0","95","2427","107","40400.383197463"
"38","2017","0","23","0","48","68700.221181273"
"21","2014","0","69","0","56","56600.796768472"
"40","2001","0","30","0","111","160100.31074313"
"11","2014","0","108","954","111","40700.632628691"
"36","2004","0","30","3497","24","155100.64645813"
"74","2005","0","30","3699","24","69200.532595018"
"72","2010","0","30","0","80","87400.832073245"
"18","2012","0","95","1820","107","40400.535207161"
"8","2015","0","96","0","57","270300.15764651"
"48","2014","0","125","0","57","69500.643837879"
"74","2017","0","144","606","96","172400.14624454"
"48","2005","0","30","4020","24","22700.750160059"
"48","2004","0","30","3529","24","75300.464108217"
"50","2015","0","125","0","57","10400.113285934"
"64","2016","0","23","1","48","63000.559441045"
"74","2014","0","30","0","56","362000.28902157"
"28","2015","0","125","0","57","72800.01614054"
"64","2017","0","30","0","57","74800.401130833"
"9","2012","0","114","0","27","80300.892368614"
"9","2007","0","96","0","80","23200.539110588"
"29","2011","0","20","4187","87","203400.45283073"
"19","2011","0","29","2922","13","48000.825722403"
"50","2003","0","30","6370","111","136700.3862853"
"64","2010","0","30","0","37","40600.15776803"
"45","2015","0","29","3675","13","69000.780845048"
"74","1998","0","30","0","24","332700.07273736"
"18","2014","0","29","3850","13","45500.522972168"
"64","2017","0","30","0","57","80500.592844951"
"73","2012","0","29","3612","13","189500.30814198"
"36","2014","0","54","0","1","34100.246854612"
"35","2011","0","95","8047","107","39700.580473347"
"15","2014","0","30","0","56","19900.953027846"
"18","2015","0","29","3332","13","79900.298458565"
"9","2016","0","195","100","100","29100.802272006"
"7","2018","0","19","83","73","401100.70105914"
"57","2014","0","95","2091","18","326300.84045694"
"68","2014","0","125","0","57","48700.326629367"
"4","2012","0","96","1827","35","133400.88846485"
"22","2018","0","183","218","55","95300.966701271"
"63","2008","0","30","5173","111","109400.68541212"
"25","2010","0","30","0","80","387500.13198249"
"15","2015","0","30","387","111","198000.91178396"
"12","2015","0","29","1478","13","11400.161409327"
"67","2013","0","29","2890","87","66500.51696554"
"61","2014","0","30","0","56","38400.042009425"
"76","2012","0","95","4432","107","85500.110640615"
"57","2012","0","29","2104","87","41700.390010513"
"72","2013","0","30","0","80","18700.689641642"
"45","2015","0","29","4247","13","35200.098079249"
"8","2015","0","96","0","57","10700.506603021"
"30","2005","0","25","4895","111","93500.588698048"
"18","2015","0","29","2764","13","182500.92290448"
"58","2012","0","95","5031","107","161400.59482739"
"19","2008","0","29","4864","35","299400.85333758"
"64","2014","0","66","0","27","218100.57439412"
"22","2008","0","96","0","37","58100.704687591"
"66","2015","0","20","458","87","47700.605450756"
"76","2019","0","29","395","96","54000.59521514"
"16","2017","0","184","0","27","298700.04396205"
"67","2018","0","29","1017","96","171200.09403854"
"72","2013","0","29","2933","13","157100.24594786"
"17","2014","0","30","0","85","10000.601272836"
"48","2006","0","30","2750","24","39300.822031912"
"15","2014","0","30","0","56","68800.131301311"
"66","2014","0","29","3535","13","293600.52172484"
"69","2015","0","125","0","57","149400.66135724"
"64","2004","0","96","3644","24","61100.263765315"
"65","2008","0","29","6691","39","65800.783443624"
"23","2016","0","30","239","111","89000.535137195"
"18","2012","0","95","4240","107","34300.94415528"
"14","2013","0","29","2650","13","53800.165803838"
"68","2014","0","28","0","56","71800.30322203"
"49","2010","0","30","3850","111","84500.143014656"
"26","2010","0","30","0","80","259300.30019773"
"1","2014","0","100","0","80","185400.93805498"
"18","2015","0","29","4320","13","56400.211775645"
"74","2013","0","106","0","43","93400.583705569"
"70","2015","0","29","1352","13","23900.327106626"
"7","2019","0","19","346","96","314300.67559574"
"7","2019","0","19","326","96","68900.208969822"
"14","2012","0","95","8366","107","41500.485158131"
"60","2012","0","95","3750","107","395800.51411789"
"9","2015","0","30","0","56","28800.995468158"
"76","2013","0","29","3769","13","167300.3809809"
"9","2015","0","125","0","57","158200.56412328"
"5","2018","0","125","0","57","25500.50055971"
"73","2011","0","144","1000","111","300400.1533701"
"72","2014","0","30","0","85","14000.636763577"
"31","2016","0","29","4203","13","141100.80861667"
"8","2017","0","125","0","57","204400.26602185"
"18","2017","0","19","3644","96","64300.937586848"
"7","2019","0","19","446","96","64700.145451353"
"18","2015","0","29","3079","13","28500.743956467"
"18","2016","0","29","3162","13","269600.9665635"
"64","2017","0","30","0","57","74100.286530948"
"14","2011","0","29","5077","39","205600.10586709"
"25","2015","0","111","0","33","14000.697141837"
"37","2007","0","30","6464","111","169200.02550743"
"60","2013","0","29","3133","13","101600.92223666"
"38","2015","0","168","0","27","317500.63290913"
"55","2007","0","99","103316","119","29400.148275403"
"72","2015","0","30","0","85","113800.79144084"
"39","2012","0","95","4512","107","360300.43621688"
"58","2012","0","95","0","107","209700.27682242"
"48","2012","0","30","8796","111","153500.1042831"
"70","2014","0","29","2777","13","10200.286773212"
"9","2015","0","30","0","56","28600.677555904"
"26","2010","0","30","4400","111","369700.52038335"
"39","2005","0","90","63073","119","30200.830132526"
"31","2015","0","96","13947","125","31100.218602465"
"19","2013","0","29","2316","13","210600.14373863"
"21","2014","0","144","1661","13","144600.65395162"
"54","2016","0","30","0","56","97400.747050564"
"1","1999","0","30","6075","111","91600.767490211"
"9","2015","0","125","0","57","17600.021733734"
"44","2015","0","30","0","56","129500.75339934"
"64","2014","0","30","0","56","170600.34673587"
"47","2014","0","30","0","85","172200.9796292"
"63","2001","0","30","8783","112","29200.45576875"
"18","2016","0","29","1238","13","29000.284273493"
"12","2008","0","30","2414","24","12800.145812688"
"8","2017","0","125","0","57","18700.49136402"
"18","2016","0","29","3949","13","134000.52657784"
"8","2017","0","125","0","57","105700.35435376"
"65","2014","0","29","2391","13","46500.936959968"
"60","2012","0","29","1258","87","81100.196790042"
"62","2014","0","29","2191","13","35200.690883422"
"18","2012","0","95","4600","107","211700.78738945"
"8","2017","0","125","0","57","195800.20915834"
"0","2017","0","125","0","57","71600.674017172"
"72","2014","0","29","5369","13","43900.771849177"
"60","2002","0","31","12884","125","267000.16207591"
"72","2014","0","30","0","85","26700.565423729"
"70","2012","0","95","6212","107","271700.74597607"
"72","2013","0","168","0","27","71500.502782459"
"63","2006","0","30","2569","101","132500.97397321"
"6","2008","0","30","3747","111","54400.303671775"
"26","2010","0","30","0","37","54000.009522817"
"7","2019","0","19","550","96","31600.961949345"
"59","2008","0","29","6212","39","41500.3276579"
"72","2012","0","29","2599","13","33200.304949919"
"77","2014","0","30","0","56","44500.844328947"
"49","2014","0","30","2584","111","74200.494494244"
"9","2014","0","30","1","80","219200.86765479"
"9","2014","0","106","0","33","85500.250261019"
"4","2011","0","29","8879","125","134100.30652291"
"61","2002","0","30","3930","111","27000.839286561"
"76","2014","0","95","4871","107","331800.6950527"
"32","2013","0","30","1200","80","277300.30363337"
"73","2015","0","29","897","125","187000.96928194"
"18","2016","0","29","1348","13","182200.37713223"
"8","2017","0","125","0","57","57000.020645293"
"64","2016","0","125","0","57","102200.09667629"
"74","2015","0","30","0","56","21700.08581469"
"66","2015","0","117","117645","106","77000.002634903"
"39","2018","1","131","463","26","55300.077870832"
"77","2008","0","96","3156","24","27200.857154078"
"0","2014","0","96","0","85","23600.186057853"
"48","2008","0","29","5400","35","43500.507854525"
"9","2018","0","125","0","57","35100.08484708"
"15","2006","0","30","5763","111","44400.282698023"
"0","2007","0","30","3828","24","38800.971060254"
"29","2011","0","29","4465","125","45500.594483857"
"31","2017","0","29","2376","13","40400.450514508"
"40","2012","0","30","1974","111","19900.241436161"
"46","2011","0","29","9139","39","31400.083294978"
"25","2015","0","30","0","56","180500.15553035"
"79","2010","0","30","2536","24","11300.152553224"
"64","2013","0","168","0","27","331600.73691493"
"60","2013","0","95","4461","107","59500.142130265"
"9","2018","0","125","0","57","17300.737402825"
"39","2008","0","29","4187","50","56600.02453057"
"26","2010","0","30","3744","24","26400.579312116"
"14","2011","0","29","6090","39","252800.30430765"
"1","2018","0","30","0","56","11700.14543735"
"39","2018","1","131","172","26","328400.66209462"
"9","2013","0","100","0","80","44800.128980545"
"28","2006","0","30","2920","24","10800.994197943"
"62","2016","0","30","2349","111","33100.56251466"
"62","2011","0","29","5416","39","41600.916749197"
"9","2018","0","125","0","57","45100.635272055"
"19","2018","0","29","253","125","33900.615901881"
"13","2009","0","30","3535","24","51200.430000377"
"28","2018","0","30","0","56","28700.149454686"
"7","2018","0","19","405","96","102400.22614086"
"14","2012","0","95","4913","107","172700.70145766"
"48","2011","0","30","0","37","79000.152793895"
"11","2012","0","30","3518","111","72600.956090673"
"57","2017","1","13","0","5","389800.79685591"
"54","2017","0","30","2412","111","51600.468058315"
"62","2012","0","95","4400","107","148000.05290125"
"9","2017","0","125","0","57","94400.719847643"
"9","2018","0","125","0","57","158000.67652799"
"9","2013","0","214","0","80","21000.813651286"
"9","2018","0","125","0","57","45000.933786508"
"35","2013","0","104","16686","39","50000.846485188"
"74","2005","0","30","3807","24","99100.716500575"
"14","2011","0","29","6092","35","35500.726280991"
"4","2014","0","78","1616","87","18100.210494866"
"25","2007","0","30","2863","24","404800.3365238"
"7","2016","0","29","2502","13","46100.163874712"
"72","2017","0","30","0","85","220300.8786909"
"14","2012","0","29","5072","39","194100.01725932"
"31","2017","0","29","1984","13","72800.93832514"
"15","2010","0","30","2648","24","65700.469075251"
"16","2014","0","100","0","80","16300.057197969"
"41","2014","0","95","7173","107","53400.187686858"
"64","2005","0","96","2807","101","26000.028845704"
"9","2018","0","125","0","57","49000.431745895"
"38","2009","0","29","6529","125","174700.2511852"
"50","2018","0","125","0","57","351200.86620949"
"44","2008","0","30","3351","101","84300.102151"
"26","2013","0","30","0","80","88700.732540809"
"18","2012","0","29","3378","39","31600.980853509"
"70","2013","0","95","4118","107","13700.12749112"
"57","2012","0","95","3753","107","70200.565945881"
"70","2008","0","29","9727","125","55200.03182692"
"15","2009","0","30","2694","24","22100.326073649"
"6","2011","0","30","0","37","189700.04780019"
"12","2014","0","30","0","80","79900.529094903"
"12","2018","0","29","300","13","147700.52168605"
"8","2018","0","125","0","57","29100.745384485"
"72","2017","0","144","487","111","11900.808608678"
"22","2014","0","168","0","27","194500.12882438"
"9","2018","0","125","0","57","38400.610935178"
"74","2018","0","125","0","57","74500.663718749"
"44","2017","0","168","0","27","86300.535134826"
"22","2013","0","31","5464","111","45000.247146681"
"72","2008","0","30","3371","111","91500.604684996"
"60","2016","0","29","1272","13","58900.574433133"
"54","2016","0","30","988","111","80800.268935858"
"2","2012","0","96","3187","111","132900.94580516"
"44","2014","0","106","0","33","31100.930014141"
"61","2008","0","30","2648","24","74700.078419609"
"61","2010","0","30","1980","24","220400.89066356"
"73","2020","0","67","11","63","18900.344298281"
"72","2017","0","29","2899","39","36300.323309818"
"14","2011","0","29","4756","125","412000.9095836"
"18","2016","0","29","1813","13","38500.874428635"
"28","2012","0","100","0","80","72600.787903891"
"19","2016","0","29","2342","39","109500.75487555"
"44","2009","0","30","2825","24","66400.551398999"
"15","2014","0","30","6110","111","125200.13487721"
"14","2012","0","29","7087","39","60000.998806042"
"68","2017","0","168","0","27","39500.992068698"
"52","2007","0","30","2146","24","23100.610631031"
"18","2013","0","29","10214","39","54900.007560236"
"31","2012","0","29","13548","125","41800.037095932"
"69","2016","0","128","2058","124","11600.690031862"
"76","2012","0","29","3765","39","20900.372623189"
"26","2014","0","144","1484","124","25800.580045764"
"68","2017","0","168","0","27","73700.143357518"
"68","2009","0","144","2073","24","66800.34359362"
"2","2011","0","29","7954","125","328200.8230896"
"2","2017","0","45","0","56","23200.78338523"
"51","2011","0","8","2409","101","11600.178217207"
"18","2019","0","29","0","13","376400.57033289"
"72","2017","0","29","2329","13","42900.135368778"
"15","2006","0","30","5772","111","40800.656909332"
"0","2018","0","168","0","27","18300.493245154"
"28","2012","0","30","1989","111","13000.751276338"
"54","2011","0","30","2727","24","40600.856549628"
"62","2016","0","30","3148","111","24100.146046269"
"64","2014","0","29","8403","125","29200.276459314"
"47","2008","0","30","3294","24","25000.565896648"
"46","2013","0","29","3558","125","183100.61034928"
"19","2016","0","29","4092","125","168500.69551352"
"75","2013","0","144","9601","111","13800.307917167"
"77","2008","0","30","2763","24","186300.61549368"
"68","2015","0","168","0","27","42800.401514805"
"35","2012","0","29","4940","39","195500.75798122"
"19","2015","0","29","745","39","50300.234501376"
"69","2018","0","125","0","57","21200.008941299"
"1","2018","0","125","0","57","41000.267276149"
"9","2018","0","125","0","57","49700.929963612"
"77","2010","0","96","8843","111","107800.14720801"
"22","2012","0","30","3773","111","288200.45324096"
"72","2016","0","30","793","111","333100.60929199"
"8","2019","0","125","0","57","38700.676731071"
"8","2019","0","125","0","57","313000.78214685"
"8","2019","0","125","0","57","65700.829691816"
"36","2015","0","168","0","27","59800.282586396"
"39","2016","0","29","4529","125","19700.286164198"
"64","2014","0","30","12999","80","22000.22294894"
"9","2018","0","125","0","57","42600.812777942"
"74","2007","0","30","2603","24","39400.848811704"
"69","2017","0","144","2010","111","21300.707083946"
"72","2012","0","29","5270","50","160100.48462946"
"36","2007","0","96","2346","101","191000.55962243"
"68","2007","0","96","6615","112","41400.01269837"
"60","2017","0","131","448","26","46600.591559646"
"9","2009","0","30","3229","111","25200.222368173"
"54","2009","0","30","5509","111","141500.51084879"
"48","2020","1","188","0","33","437900.61564431"
"9","2018","0","125","0","57","221500.50715342"
"46","2014","0","29","7345","125","65100.507831219"
"68","2016","0","168","0","27","16600.358777618"
"19","2006","0","30","6500","112","299100.98884219"
"15","2008","0","30","3832","111","79000.686885868"
"38","2011","0","30","2426","24","11700.933057541"
"53","2010","0","30","5913","111","104400.03147023"
"9","2018","0","125","0","57","23000.912431298"
"68","2018","0","125","0","57","129400.46416565"
"0","2013","0","96","0","56","167000.11587766"
"67","2011","0","29","4600","125","84700.448226727"
"44","2017","0","168","0","27","37200.706542397"
"32","2016","0","30","1150","111","89900.691284844"
"61","2013","0","30","0","37","103200.55012887"
"72","2009","0","30","2225","24","166200.48552217"
"14","2011","0","29","3855","39","47000.988074798"
"8","2019","0","125","0","57","72300.795602898"
"74","2008","0","30","5164","111","10200.708266067"
"39","2015","0","29","4195","125","246100.37076023"
"57","2011","0","29","4291","125","206400.5261778"
"55","2019","0","131","0","92","63600.953671529"
"74","2009","0","30","2109","24","11100.383603539"
"20","2016","0","29","3968","125","31600.281687651"
"60","2011","0","29","4552","125","310600.14519348"
"57","2017","1","13","0","5","45400.307396932"
"39","2016","0","29","5044","125","14800.656400957"
"73","2012","0","29","4066","125","42100.06336509"
"9","2014","0","30","3217","111","101100.55516729"
"76","2014","0","29","1918","125","14000.760793306"
"38","2016","0","29","4180","125","22500.784526864"
"19","2016","0","29","3384","125","82400.946095195"
"0","2013","0","96","0","37","38800.662210266"
"15","2009","0","30","4321","111","76800.971285234"
"30","2009","0","30","0","24","372600.62506875"
"1","2012","0","30","3256","111","19000.612720345"
"15","2012","0","96","2627","24","58900.33702863"
"29","2012","0","29","6316","39","124600.24990815"
"54","2012","0","30","2392","111","39500.688760461"
"72","2015","0","29","2797","125","104400.72228964"
"12","2011","0","29","0","125","308000.3329384"
"39","2012","0","29","0","39","14800.542746063"
"44","2017","0","7","0","37","400200.171178"
"63","2020","1","188","0","33","35600.088224673"
"12","2010","0","30","2114","24","50600.523831179"
"44","2010","0","30","2998","24","27600.032755749"
"35","2015","0","29","2164","125","182200.12010415"
"34","2009","0","30","1827","24","72000.18896957"
"61","2014","0","30","0","37","14300.990599486"
"60","2010","0","204","2479","115","181300.83113564"
"31","2014","0","29","3690","125","78800.84314017"
"12","2016","0","29","4454","125","33700.86996377"
"72","2018","0","168","0","27","39200.077228163"
"68","2017","0","168","0","27","29500.005131911"
"70","2001","0","76","15190","30","58300.10079174"
"22","2006","0","144","5624","112","201500.79211893"
"64","2012","0","192","0","80","25200.094626027"
"9","2002","0","30","6711","112","20300.616669241"
"74","2014","0","32","2758","24","209600.47688665"
"72","2011","0","30","3191","111","90200.959227428"
"63","2011","0","30","2128","24","203500.33302526"
"58","2012","0","29","3230","125","90600.738686406"
"54","2020","1","188","0","33","46400.436446527"
"39","2011","0","29","4388","35","205000.73686181"
"8","2019","0","125","0","57","66100.213095138"
"4","2016","0","29","4337","125","302200.09748013"
"9","2015","0","30","1493","111","31400.849077165"
"63","2011","0","30","3166","111","69000.854439443"
"47","2014","0","30","0","80","134500.04221572"
"43","2010","0","30","3354","112","12000.172205235"
"38","2014","0","30","3867","24","80000.080529366"
"76","2016","0","29","4564","125","57200.457892822"
"19","2016","0","29","4436","125","201400.27118244"
"20","2016","0","29","4562","125","108800.70629179"
"4","2016","0","29","3819","125","24100.165434286"
"59","2019","0","29","82","39","156300.88602803"
"16","2009","0","30","2111","24","10300.889712265"
"19","2016","0","31","1808","111","97500.309508614"
"64","2020","1","188","0","33","22800.273054825"
"50","2009","0","30","5712","112","155000.27154658"
"50","2019","0","125","0","57","33500.772236984"
"6","2016","0","30","496","124","46000.995493341"
"32","2016","0","30","1074","111","36300.076192238"
"20","2016","0","29","4250","125","97500.024836909"
"3","2008","0","179","4335","112","15700.904966871"
"38","2012","0","33","2597","24","50400.351928141"
"31","2016","0","29","2350","125","54500.559434578"
"36","2019","0","125","0","57","56100.106264048"
"69","2009","0","135","3721","101","58800.63802607"
"18","2013","0","29","2252","125","38600.389098066"
"61","2011","0","30","2122","24","83200.045926042"
"25","2009","0","30","2737","111","21400.754937417"
"26","2013","0","144","2340","111","49800.509178535"
"31","2012","0","29","8753","125","65000.979126176"
"61","2012","0","30","4370","111","169400.51808612"
"47","2013","0","192","0","80","11000.016208337"
"50","2019","0","125","0","57","14400.833698088"
"50","2019","0","125","0","57","317100.04025496"
"54","2012","0","30","2894","111","23200.592273728"
"74","2010","0","30","2212","24","143900.01505519"
"44","2013","0","30","3256","111","53800.654768558"
"3","2011","0","30","4287","101","180500.02726147"
"34","2002","0","30","5716","112","39200.808310667"
"79","2014","0","30","0","80","26400.803497844"
"14","2012","0","29","3527","39","58500.693285104"
"48","2010","0","30","2386","111","36400.740623166"
"15","2011","0","30","2678","24","50400.682019736"
"60","2013","0","29","3341","125","215200.47265772"
"18","2012","0","29","5634","39","12600.173072616"
"77","2012","0","96","1962","111","65700.172796973"
"36","2019","0","125","0","57","97400.816924698"
"62","2013","0","30","2960","111","120600.96923661"
"66","2012","0","29","3617","125","171700.34398345"
"65","2016","0","29","3045","125","26900.986805687"
"68","2003","0","30","4496","112","84500.195563093"
"53","2013","0","30","2636","111","287400.22919547"
"4","2012","0","95","2480","18","49500.613031878"
"69","2012","0","144","2798","24","185800.42937865"
"5","2011","0","30","3556","111","39100.774989558"
"36","2019","0","125","0","57","254800.64578344"
"9","2011","0","96","3346","101","35900.019046636"
"70","2017","0","87","3300","125","39200.533758522"
"44","2012","0","30","3150","24","24100.484730894"
"76","2016","0","29","6694","125","260800.04405592"
"33","2008","0","30","1381","101","414100.17688371"
"74","2014","0","165","1470","1","74700.215073211"
"4","2016","0","29","3569","125","211700.95484719"
"32","2016","0","30","1840","111","70300.068126478"
"68","2015","0","168","0","27","32900.139997289"
"74","2015","0","30","0","37","58300.761852691"
"36","2015","0","29","3648","125","49400.746525521"
"49","2012","0","30","3438","24","27300.9553185"
"8","2013","0","30","3425","24","21500.882234806"
"44","2015","0","30","1772","111","314300.14766782"
"64","2012","0","96","2305","24","44300.353266834"
"64","2010","0","30","2510","24","122600.38016441"
"53","2015","0","30","1841","111","37500.378895207"
"54","2010","0","30","2398","24","157300.02972143"
"20","2014","0","29","2575","50","20600.868459496"
"74","2014","0","135","2145","1","27900.706597475"
"17","2012","0","96","2664","24","87100.584755203"
"19","2019","0","29","1008","13","12400.523718135"
"24","2007","0","30","2626","111","176100.65855781"
"68","2013","0","30","1495","111","55400.927882715"
"2","2014","0","74","0","80","247200.06064071"
"42","2008","0","96","7468","112","31600.673928826"
"54","2011","0","30","2318","111","99600.58004414"
"54","2011","0","30","2685","24","44000.773029098"
"22","2009","0","30","2011","24","60800.497417898"
"60","2019","1","131","372","102","384700.62688793"
"70","2015","0","29","3190","39","52900.113753071"
"9","2011","0","30","1299","101","57600.983192997"
"59","2012","0","31","3923","125","147400.30839743"
"38","2011","0","30","1388","24","49000.989658049"
"2","2012","0","30","1817","24","44700.529068642"
"38","2018","0","96","119","111","44000.613376558"
"41","2017","0","29","3704","39","46100.178370727"
"1","2012","0","96","3186","111","37000.150561977"
"15","2013","0","30","2261","24","59500.611340148"
"75","2009","0","30","1653","24","44200.904741948"
"15","2012","0","96","2218","101","32400.625070289"
"77","2014","0","30","1332","111","52200.059747672"
"54","2010","0","96","6615","111","37900.130387571"
"64","2011","0","30","1562","101","32600.633027555"
"54","2014","0","144","1437","24","253600.13759384"
"54","2013","0","30","2351","24","47200.519926929"
"65","2016","0","29","2097","125","21600.849805447"
"57","2008","0","155","2785","79","11600.073362104"
"74","2012","0","30","2117","111","67800.749380835"
"64","2012","0","30","1753","24","78700.11011168"
"72","2013","0","30","2715","111","344400.0328073"
"32","2015","0","30","876","111","30900.70390077"
"59","2018","0","29","567","125","139200.39856033"
"28","2011","0","30","1825","24","229500.64536457"
"68","2018","0","30","0","56","13800.073825989"
"34","2017","0","29","3815","125","10000.933031078"
"8","2013","0","96","2171","24","34100.752475357"
"18","2006","0","20","0","72","38100.602006789"
"8","2013","0","96","3472","24","210300.95027456"
"64","2014","0","144","3193","111","84500.337617645"
"32","2015","0","30","1240","111","13700.314730075"
"61","2013","0","30","3394","111","29800.47682023"
"12","2014","0","30","1592","111","35900.388059543"
"61","2012","0","30","3458","111","71300.002522152"
"42","2015","0","30","923","111","197400.57032936"
"29","2019","0","175","322","107","33400.667473355"
"30","2009","0","144","4647","112","15200.002018697"
"25","2013","0","30","0","80","44300.853334346"
"33","2011","0","96","3548","111","189900.98683361"
"39","2015","0","29","2024","125","211900.27258649"
"72","2014","0","29","3559","39","101500.69081824"
"15","2010","0","30","4358","112","18200.489694872"
"50","2014","0","30","1477","111","62300.310972566"
"38","2013","0","30","1954","111","50400.479267066"
"64","2013","0","30","4013","111","21400.646578662"
"51","2013","0","30","1455","111","117000.03581305"
"40","2014","0","30","0","80","61700.124797743"
"17","2013","0","30","2416","111","12500.731365675"
"15","2013","0","30","4625","111","10600.486145122"
"5","2013","0","30","1301","24","170500.74751105"
"57","2017","0","161","2727","79","80800.089367438"
"44","2012","0","30","1889","24","35100.724270999"
"9","2013","0","96","1993","101","333600.64786862"
"69","2013","0","30","2973","24","16700.194274947"
"76","2016","0","161","512","79","10100.334421096"
"19","2014","0","29","1613","125","40400.011447083"
"76","2018","0","29","0","39","142300.69240416"
"47","2011","0","30","3291","24","136400.01466629"
"0","2016","0","30","1090","111","390500.2140899"
"36","2013","0","30","1877","24","182000.38313813"
"38","2013","0","30","1582","24","42200.572161335"
"41","2019","1","29","146","125","11300.787015091"
"30","2015","0","30","1616","111","60800.532655301"
"78","2014","0","30","2306","111","42700.398937239"
"19","2015","0","29","2641","39","82900.406559368"
"68","2010","0","96","3087","111","13200.884427394"
"36","2013","0","30","2348","24","22500.801436389"
"43","2015","0","30","1196","111","238400.0659528"
"76","2018","0","29","3048","125","163900.03594911"
"30","2011","0","30","1674","112","115800.88539334"
"38","2012","0","96","5757","112","172000.15533229"
"76","2017","0","142","206","107","31800.809421893"
"28","2012","0","30","1863","24","18900.680415257"
"0","2012","0","96","2280","101","68200.620522872"
"33","2014","0","96","6815","112","244200.06522655"
"76","2018","0","29","2048","39","39100.029709803"
"66","2015","0","29","1232","125","393300.79351673"
"54","2013","0","30","1633","24","49500.590795945"
"68","2014","0","30","3290","111","16900.665465313"
"68","2014","0","30","1","80","43500.298589793"
"8","2017","0","30","954","111","60500.47204551"
"54","2015","0","30","1814","111","58300.749293089"
"24","2014","0","30","741","24","355000.21979178"
"74","2012","0","30","2350","24","93700.759859759"
"72","2011","0","144","2196","111","67500.126778033"
"48","2014","0","30","843","111","64300.892701221"
"54","2015","0","30","1791","111","42900.509678081"
"56","2015","0","191","5582","42","26100.751130959"
"67","2019","1","29","92","125","150400.54628296"
"74","2014","0","30","5186","111","182200.29513891"
"43","2015","0","30","1847","101","204600.90037784"
"44","2012","0","30","4545","112","37400.915251945"
"41","2018","1","97","0","91","15300.919101724"
"60","2012","0","29","5524","125","220400.24550135"
"0","2008","0","30","3863","112","21300.83729306"
"12","2014","0","30","1653","111","478000.47828791"
"38","2014","0","33","2234","24","140000.50486266"
"30","2016","0","30","1318","111","320200.10439353"
"54","2016","0","30","1313","111","29300.696616344"
"45","2017","0","29","1365","125","75600.573769718"
"60","2014","0","29","4139","125","205200.12883032"
"16","2013","0","30","1612","24","29200.689928219"
"30","2010","0","165","0","101","162800.13077626"
"72","2018","0","96","1142","125","14100.539285357"
"75","2013","0","30","1201","111","103800.88244698"
"0","2016","0","30","721","111","15900.090694157"
"53","2013","0","30","2431","112","50100.903267958"
"64","2012","0","96","5212","112","41800.764038027"
"53","2015","0","30","2103","111","76500.325157245"
"45","2019","1","97","0","91","74200.563386444"
"67","2018","1","97","0","91","128700.38492886"
"67","2019","1","97","0","91","26600.012437779"
"45","2019","1","97","0","91","42800.416273879"
"15","2012","0","30","1964","24","286300.67366251"
"0","2013","0","205","2194","112","70000.320746604"
"53","2014","0","30","2241","111","78200.390653751"
"33","2012","0","30","5496","112","160000.43586067"
"67","2019","1","29","78","125","48900.563522879"
"41","2019","1","97","0","91","47500.037628773"
"54","2015","0","30","2088","111","10300.150207511"
"36","2013","0","30","1980","112","27300.261026446"
"33","2015","0","30","1837","111","25700.865758189"
"67","2019","1","97","0","91","55300.310685873"
"78","2014","0","30","2790","112","369200.04318932"
"39","2017","0","97","0","91","293200.76538616"
"41","2018","1","97","0","91","229400.77561672"
"16","2014","0","30","2654","111","15700.758988332"
"45","2019","1","97","0","91","23800.171102602"
"61","2019","1","30","180","111","19100.736165493"
"74","2018","0","30","0","80","437200.7875283"
"32","2015","0","96","4220","101","49200.36537149"
"48","2013","0","30","4199","112","355100.59729999"
"11","2014","0","30","1939","24","31100.03085201"
"41","2019","1","97","0","91","45500.011760445"
"45","2017","0","29","2152","125","61800.686933498"
"78","2015","0","30","2140","24","109300.51575666"
"54","2017","0","30","779","111","21300.05729197"
"66","2017","0","97","0","91","32200.713037392"
"41","2019","1","29","254","125","120800.37815552"
"77","2014","0","30","1285","24","25300.108759692"
"45","2018","1","97","0","91","57600.585945415"
"31","2019","0","29","1335","125","118800.60563763"
"44","2016","0","30","1780","111","31000.610852337"
"45","2019","1","97","0","91","37500.110600731"
"39","2017","0","97","0","91","55800.060540513"
"60","2017","0","97","0","91","129800.66498562"
"31","2019","0","29","751","125","17900.047258762"
"2","2014","0","30","1576","24","78400.668736351"
"47","2015","0","96","1640","24","272600.94897639"
"59","2013","0","31","10934","35","101900.72289186"
"60","2017","0","97","0","91","93500.695075935"
"18","2016","0","131","59","102","95500.088227701"
"39","2019","0","142","1203","107","36000.105591262"
"15","2016","0","30","2733","24","324400.52941096"
"52","2013","0","30","2090","101","42000.948096723"
"63","2013","0","30","1135","101","117200.17152528"
"8","2014","0","96","1648","24","52200.637817684"
"66","2017","0","97","0","91","89000.505955932"
"66","2017","0","97","0","91","90600.876809767"
"54","2017","0","30","889","111","10800.472705385"
"65","2019","0","87","1037","39","45600.369165291"
"0","2013","0","96","3308","111","22300.376814207"
"74","2014","0","30","3016","111","95900.998893794"
"54","2011","0","30","2208","24","49300.236885668"
"29","2018","0","29","1645","125","22200.817667906"
"14","2018","0","29","1886","39","44200.280789708"
"64","2012","0","30","1475","24","111300.47790592"
"19","2019","1","97","0","91","185500.01818579"
"72","2014","0","30","2035","24","13500.860196111"
"39","2017","0","97","0","91","32800.01573805"
"12","2014","0","30","2810","112","54900.862702894"
"74","2014","0","30","1899","112","301600.29245291"
"31","2019","1","97","0","91","19200.231918816"
"15","2014","0","30","1581","24","86700.527246806"
"39","2017","0","30","3528","113","205900.1154557"
"14","2017","0","97","495","91","23500.018487935"
"22","2011","0","30","4759","112","37600.839227188"
"31","2014","0","29","5336","35","36800.581664941"
"31","2017","0","29","2720","35","311600.52734876"
"45","2014","0","29","7055","125","51400.394154194"
"54","2018","0","30","887","111","23100.259005479"
"45","2019","1","97","0","91","26200.275511922"
"68","2015","0","32","1444","112","64300.014406461"
"41","2019","1","97","0","91","62400.262624024"
"63","2011","0","30","4177","112","161100.37396965"
"44","2016","0","30","2282","111","29500.840269876"
"3","2019","1","30","220","111","63600.165340182"
"19","2019","1","97","0","91","12500.033752534"
"64","2016","0","30","2163","24","11800.173745556"
"31","2019","0","29","606","39","45300.330353488"
"50","2014","0","30","2179","24","17600.916195898"
"8","2013","0","96","4376","24","132200.59953076"
"68","2014","0","30","696","111","149400.43200687"
"6","2016","0","30","764","111","148200.00059711"
"16","2018","0","96","0","80","162100.1327403"
"31","2019","1","97","0","91","57000.250859495"
"19","2019","1","97","0","91","155500.72775816"
"31","2019","1","97","0","91","178800.77627718"
"66","2017","0","97","0","91","48300.305678269"
"35","2017","0","30","3006","113","24800.146563069"
"39","2018","1","97","0","91","239300.8180803"
"52","2013","0","30","1818","101","41900.867813311"
"39","2017","0","97","0","91","166100.69958722"
"39","2017","0","30","2937","113","83800.457165368"
"42","2015","0","30","1543","24","27000.077147705"
"48","2018","0","30","1123","111","18000.82666401"
"70","2019","1","97","0","91","228400.81635712"
"77","2015","0","30","1436","111","173100.74639622"
"41","2019","1","97","0","91","167400.45795975"
"3","2019","1","30","221","111","309300.84877406"
"41","2019","1","29","62","125","17800.635150513"
"16","2015","0","30","1866","101","33800.549598739"
"45","2019","1","97","0","91","26100.654277826"
"31","2015","0","96","4331","39","98400.840622414"
"49","2016","0","30","925","111","18100.107465618"
"34","2018","1","131","420","92","35300.882788719"
"54","2015","0","30","1895","111","20000.951438218"
"47","2014","0","30","948","101","16600.100382386"
"73","2018","1","97","0","91","33500.463685755"
"16","2015","0","30","2774","111","26300.342526297"
"67","2017","1","131","210","92","95800.321862982"
"60","2019","1","131","222","92","59200.863868598"
"0","2012","0","30","2660","112","65300.17172973"
"1","2015","0","30","1892","24","194800.18365289"
"1","2019","1","30","239","111","111300.51720287"
"63","2015","0","30","2572","101","58500.575851063"
"51","2015","0","30","1579","24","48200.147369295"
"44","2010","0","30","2070","24","100900.84391603"
"14","2019","0","29","504","125","29300.306271661"
"72","2016","0","30","1380","101","146800.36123019"
"50","2013","0","30","3525","112","47400.60281884"
"8","2013","0","30","2589","112","48100.565669493"
"7","2018","0","30","1448","111","98500.945970083"
"42","2015","0","30","2714","101","56400.183396161"
"3","2019","1","30","268","111","47500.716345023"
"63","2019","0","30","1035","111","58800.170648621"
"26","2015","0","96","3774","112","31900.043465902"
"35","2017","0","30","2998","113","128000.84644696"
"32","2015","0","96","2943","112","45000.302830433"
"0","2014","0","96","2286","112","308700.53342989"
"8","2015","0","30","1494","112","18600.256092783"
"64","2016","0","192","0","80","48900.810707657"
"21","2015","0","30","1987","24","52200.182158226"
"50","2017","0","30","1834","111","30900.288076817"
"24","2014","0","30","2968","112","16000.609619375"
"42","2015","0","30","1525","101","26200.313432117"
"69","2015","0","21","0","37","67600.404488246"
"15","2016","0","30","1440","24","122400.61717938"
"67","2019","1","97","0","91","20500.854962027"
"22","2014","0","30","1040","101","14300.701225768"
"57","2019","1","131","79","92","230600.88597937"
"61","2016","0","30","2983","24","18800.460087636"
"41","2019","1","29","80","125","56700.907464475"
"54","2015","0","30","3414","112","234400.77544004"
"7","2020","0","30","491","111","10400.845817332"
"43","2018","0","30","590","111","133800.37990146"
"76","2018","0","29","780","39","203700.15105099"
"20","2018","0","29","777","35","10200.53008394"
"45","2018","1","97","0","91","392500.72358739"
"16","2016","0","96","1109","24","66300.853737391"
"54","2017","0","30","834","101","63700.882678461"
"3","2019","1","30","296","111","77800.39283513"
"42","2016","0","30","1237","24","315900.50506678"
"6","2018","0","30","727","111","77400.442050085"
"3","2015","0","30","2203","111","143100.19831795"
"77","2015","0","30","1764","24","12400.207379734"
"39","2017","0","30","2069","113","18400.072810396"
"34","2014","0","30","2791","112","261500.73535244"
"6","2018","0","30","642","111","53300.15832873"
"9","2016","0","30","1194","24","39600.439932063"
"66","2018","1","131","16","92","15800.80496201"
"64","2016","0","30","1495","111","384800.75054991"
"72","2014","0","29","6087","125","63400.930624641"
"25","2015","0","30","1621","111","21200.63217275"
"31","2018","0","29","881","39","22800.273859236"
"44","2012","0","96","0","80","83500.567026028"
"53","2018","0","30","861","111","38800.773310309"
"12","2017","0","30","1756","111","18600.537132331"
"30","2015","0","30","1418","111","32900.143205895"
"74","2015","0","30","1085","111","219800.38595413"
"9","2016","0","30","1645","24","28000.897631158"
"22","2016","0","30","1864","24","74500.771157793"
"3","2015","0","144","1545","24","140000.80075215"
"9","2017","0","30","0","80","34400.44905518"
"7","2020","0","30","451","111","47800.354375376"
"74","2016","0","30","1906","111","29200.316920816"
"9","2017","0","30","0","80","302800.54829548"
"45","2016","0","30","2884","112","13000.356683989"
"32","2015","0","96","2619","112","123300.06349013"
"11","2016","0","30","2233","112","342400.31783171"
"60","2017","0","29","2698","125","51900.624754553"
"31","2018","0","29","2857","39","254100.53148258"
"1","2019","1","30","104","111","16400.116650319"
"50","2015","0","30","1822","24","50100.501183855"
"40","2014","0","30","2682","112","30800.631517886"
"74","2016","0","190","1412","1","66700.904134507"
"52","2016","0","30","1348","24","285400.22484419"
"9","2016","0","30","1680","24","157400.57724884"
"59","2016","0","29","1052","125","29300.16590812"
"59","2016","0","29","767","125","70000.83997962"
"41","2014","0","30","1914","112","99100.448802487"
"51","2015","0","30","1335","24","10000.488511475"
"25","2017","0","30","641","101","252400.36289578"
"52","2014","0","96","1911","101","30500.538090579"
"9","2015","0","30","1851","101","48000.482902522"
"77","2018","0","30","1347","111","33400.660588977"
"52","2014","0","30","2560","112","250800.39334686"
"41","2014","0","30","3035","112","32400.534211278"
"53","2019","0","30","816","112","60200.926788909"
"57","2017","0","30","1814","113","297700.39254414"
"78","2014","0","30","3299","112","15700.497755823"
"52","2014","0","30","2574","112","29800.638480729"
"15","2018","0","30","624","111","105400.70704891"
"43","2018","0","30","784","112","14000.420598634"
"54","2015","0","30","4320","112","153100.82742682"
"33","2014","0","30","2187","112","168900.54635947"
"5","2016","0","30","1668","24","27100.993320789"
"42","2015","0","30","1269","101","137800.61833824"
"8","2014","0","30","3463","112","22300.128190302"
"5","2019","1","30","266","111","46500.096547018"
"32","2015","0","96","3120","112","43700.574967783"
"74","2016","0","30","922","24","46300.50959282"
"16","2018","0","30","787","111","120300.44008335"
"15","2018","0","30","455","111","228700.88156773"
"68","2014","0","30","1282","101","18200.9456824"
"28","2018","0","30","1213","111","142800.89518669"
"48","2017","0","30","1004","111","17000.128271783"
"62","2017","0","30","2234","113","26400.604038376"
"74","2017","0","96","762","24","199800.78667425"
"60","2018","0","29","1591","39","61300.241055272"
"16","2017","0","30","948","24","34300.302286726"
"15","2018","0","30","794","111","28500.586132249"
"5","2019","1","30","174","111","15000.451345315"
"26","2017","0","30","1609","111","14000.421172078"
"5","2017","0","30","744","24","197200.13599985"
"38","2017","0","30","1055","111","43100.986513822"
"42","2017","0","30","1153","24","284700.97966882"
"15","2018","0","96","814","101","33800.613638742"
"9","2018","0","30","1152","24","18900.863467159"
"39","2019","1","30","1609","113","28400.104800596"
"74","2014","0","30","3313","112","42800.371090432"
"39","2019","0","29","822","39","53900.356553332"
"72","2016","0","30","1567","112","35000.543125941"
"35","2018","0","104","1516","35","33800.186498487"
"30","2016","0","30","0","101","314900.32490836"
"9","2017","0","30","1090","24","13900.378002763"
"15","2017","0","30","1203","24","10500.260772926"
"25","2017","0","30","529","24","35100.971160393"
"16","2016","0","30","1256","24","127200.24090834"
"55","2012","0","131","4111","32","20200.683706667"
"12","2016","0","30","1218","24","400100.42913291"
"9","2016","0","30","1979","24","39100.257048469"
"3","2017","0","30","833","24","20700.505261071"
"63","2016","0","30","1070","112","10200.311940922"
"5","2016","0","30","728","24","72600.271383329"
"9","2017","0","30","797","24","40700.957288574"
"5","2017","0","30","943","24","56000.080749588"
"9","2017","0","30","715","24","170700.52569923"
"40","2016","0","30","1234","24","11700.728924052"
"30","2018","0","30","0","101","48000.334844582"
"6","2018","0","30","384","24","35600.601332271"
"61","2017","0","30","805","24","103500.06362161"
"44","2018","0","30","19800","80","59900.959467634"
"64","2018","0","30","688","24","265900.33273102"
"72","2016","0","30","1243","112","23900.632609015"
"9","2018","0","30","581","111","122400.22886488"
"47","2015","0","30","1277","24","41500.909573703"
"41","2019","1","30","1309","113","37900.267187486"
"8","2019","0","30","1296","24","28500.183570518"
"15","2016","0","30","977","24","35000.938969718"
"15","2018","0","30","524","101","38800.494934669"
"1","2017","0","30","763","101","121500.85842405"
"8","2019","0","30","1372","24","181600.08972641"
"8","2018","0","30","712","101","18700.435749775"
"47","2016","0","30","831","24","45800.474215492"
"69","2017","0","30","1484","24","10300.684170343"
"9","2019","0","30","883","24","40000.844815835"
"15","2016","0","30","2549","24","48500.732477116"
"51","2017","0","30","713","24","98200.175447979"
"63","2016","0","30","830","24","36800.842050492"
"9","2018","0","30","1575","112","317500.29952528"
"8","2019","0","30","1296","24","86400.443386146"
"40","2019","0","30","323","101","71500.308247124"
"15","2019","0","30","682","24","184300.99652271"
"9","2019","0","30","824","24","80500.664010529"
"41","2018","0","30","558","113","16800.283426683"
"9","2018","0","30","303","101","204500.76194755"
"9","2018","0","30","477","101","25700.117838454"
"25","2016","0","30","1080","112","264600.23713613"
"0","2018","0","30","611","101","10500.883995931"
"9","2018","0","30","448","24","222700.56832084"
"68","2018","0","30","368","24","88800.548410334"
"2","2018","0","30","754","24","196100.88884793"
"9","2016","0","30","2354","24","23200.531143313"
"9","2018","0","30","1073","24","29500.021015311"
"8","2019","0","30","1296","24","12300.187839216"
"68","2018","0","30","510","101","17300.03383632"
"77","2018","0","30","233","24","98200.096004884"
"74","2016","0","30","895","112","45100.949794257"
"40","2019","0","30","582","24","16900.184249465"
"15","2019","0","30","1066","24","277300.35713101"
"54","2018","0","30","433","24","22000.86900124"
"42","2018","0","30","841","101","31600.907642159"
"33","2018","0","144","805","24","119000.29129927"
"50","2018","0","30","1023","24","124200.54740838"
"9","2019","0","30","752","24","149400.89548929"
"73","2018","0","30","1235","113","81200.763872973"
"41","2019","1","30","1299","113","10200.445917186"
"40","2019","0","30","374","101","119100.69220717"
"50","2019","0","30","932","24","25500.333187087"
"9","2016","0","30","1228","112","20300.596953804"
"67","2018","1","202","3233","121","30200.518325946"
"13","2016","0","30","1264","112","20300.296279231"
"36","2017","0","30","760","24","20400.545722168"
"9","2019","0","30","637","24","42300.971125496"
"40","2019","0","30","258","101","90100.1437354"
"41","2019","1","30","1226","113","147000.65964171"
"15","2019","0","30","959","24","12100.875881034"
"68","2018","0","30","524","24","247200.659924"
"36","2019","0","30","502","24","71900.025061535"
"64","2019","0","30","595","24","88200.179354996"
"0","2018","0","96","414","111","12700.11115958"
"52","2019","0","30","529","101","72700.470353435"
"15","2019","0","30","1198","24","107200.85513142"
"32","2016","0","30","1452","112","205200.19288221"
"9","2016","0","30","1778","24","10200.359921293"
"72","2017","0","30","1871","112","99900.876874408"
"64","2018","0","30","593","24","41500.755613977"
"15","2019","0","30","1263","24","25400.041172139"
"9","2019","0","30","739","24","200600.30885477"
"44","2017","0","30","1201","112","92000.322890717"
"67","2019","1","131","191","32","37200.404630477"
"64","2019","0","30","676","24","110300.55386139"
"19","2019","1","30","1127","113","40600.757083429"
"33","2017","0","144","775","24","43200.14469953"
"40","2019","0","30","614","112","370600.75682651"
"46","2018","0","30","1263","112","30600.706581811"
"9","2018","0","30","1535","112","122300.27525487"
"15","2019","0","30","1051","24","37800.429364596"
"40","2019","0","30","552","24","24400.407480204"
"2","2018","0","30","837","24","21300.534496972"
"33","2018","0","144","665","24","71500.302277304"
"40","2019","0","30","927","112","23900.487177796"
"9","2018","0","30","530","24","30500.372654946"
"64","2018","0","30","0","24","70700.753543268"
"68","2019","0","30","223","101","113600.71112563"
"50","2019","0","30","918","24","200600.73372758"
"68","2019","0","30","0","80","155500.73724883"
"40","2018","0","30","667","24","298400.91374812"
"68","2018","0","30","630","112","20400.757750831"
"15","2018","0","30","1134","24","58800.878483743"
"36","2019","0","30","240","101","60500.275679233"
"9","2019","0","30","585","112","34200.583474808"
"17","2018","0","30","425","24","12600.373561007"
"15","2019","0","30","402","24","87800.900503593"
"73","2017","0","76","2107","30","24000.487106492"
"67","2019","1","30","610","113","213800.732067"
"64","2019","0","30","566","24","57200.867178506"
"40","2019","0","30","674","112","70500.759782003"
"19","2019","1","30","1284","113","116900.44728404"
"77","2019","0","30","643","24","117700.25030058"
"2","2020","0","135","303","101","234300.60566173"
"63","2019","0","30","400","24","59100.939204709"
"40","2019","0","30","596","112","36300.224099693"
"69","2019","0","144","376","24","21800.408359354"
"40","2019","0","30","585","24","14900.474332857"
"19","2019","1","30","1367","113","100800.43608048"
"67","2019","1","30","957","113","113100.95108424"
"17","2018","0","30","862","24","122800.49880875"
"35","2017","0","76","1848","30","161000.61672076"
"62","2019","0","131","58","32","72300.857404946"
"40","2019","0","30","415","24","20000.398024908"
"74","2019","0","30","296","24","68700.28267708"
"35","2016","0","76","1613","30","168700.35051191"
